--------------------------------------------------------
--  File created - Tuesday-March-20-2018   
--------------------------------------------------------
--------------------------------------------------------
--  DDL for Table AIRLINES
--------------------------------------------------------

  CREATE TABLE "FTIMS_ADMIN"."AIRLINES" 
   (	"NAME" VARCHAR2(20 BYTE), 
	"COUNTRY" VARCHAR2(20 BYTE), 
	"PHONE_NUMBER" NUMBER
   ) PCTFREE 10 PCTUSED 40 INITRANS 1 MAXTRANS 255 
 NOCOMPRESS LOGGING
  STORAGE(INITIAL 65536 NEXT 1048576 MINEXTENTS 1 MAXEXTENTS 2147483645
  PCTINCREASE 0 FREELISTS 1 FREELIST GROUPS 1
  BUFFER_POOL DEFAULT FLASH_CACHE DEFAULT CELL_FLASH_CACHE DEFAULT)
  TABLESPACE "SYSTEM" ;
--------------------------------------------------------
--  DDL for Table AIRPORTS
--------------------------------------------------------

  CREATE TABLE "FTIMS_ADMIN"."AIRPORTS" 
   (	"NAME" VARCHAR2(3 BYTE), 
	"FULL_NAME" VARCHAR2(45 BYTE), 
	"CITY" VARCHAR2(20 BYTE), 
	"COUNTRY" VARCHAR2(20 BYTE)
   ) PCTFREE 10 PCTUSED 40 INITRANS 1 MAXTRANS 255 
 NOCOMPRESS LOGGING
  STORAGE(INITIAL 65536 NEXT 1048576 MINEXTENTS 1 MAXEXTENTS 2147483645
  PCTINCREASE 0 FREELISTS 1 FREELIST GROUPS 1
  BUFFER_POOL DEFAULT FLASH_CACHE DEFAULT CELL_FLASH_CACHE DEFAULT)
  TABLESPACE "SYSTEM" ;
--------------------------------------------------------
--  DDL for Table BOOKINGS
--------------------------------------------------------

  CREATE TABLE "FTIMS_ADMIN"."BOOKINGS" 
   (	"PASSENGER_ID" NUMBER, 
	"FLIGHT_NUMBER" VARCHAR2(20 BYTE), 
	"FINAL_PRICE" NUMBER, 
	"SEAT_NUMBER" NUMBER
   ) PCTFREE 10 PCTUSED 40 INITRANS 1 MAXTRANS 255 
 NOCOMPRESS LOGGING
  STORAGE(INITIAL 65536 NEXT 1048576 MINEXTENTS 1 MAXEXTENTS 2147483645
  PCTINCREASE 0 FREELISTS 1 FREELIST GROUPS 1
  BUFFER_POOL DEFAULT FLASH_CACHE DEFAULT CELL_FLASH_CACHE DEFAULT)
  TABLESPACE "SYSTEM" ;
--------------------------------------------------------
--  DDL for Table DISCOUNTS
--------------------------------------------------------

  CREATE TABLE "FTIMS_ADMIN"."DISCOUNTS" 
   (	"DISC_ID" VARCHAR2(9 BYTE), 
	"PERCENTAGE" NUMBER
   ) PCTFREE 10 PCTUSED 40 INITRANS 1 MAXTRANS 255 
 NOCOMPRESS LOGGING
  STORAGE(INITIAL 65536 NEXT 1048576 MINEXTENTS 1 MAXEXTENTS 2147483645
  PCTINCREASE 0 FREELISTS 1 FREELIST GROUPS 1
  BUFFER_POOL DEFAULT FLASH_CACHE DEFAULT CELL_FLASH_CACHE DEFAULT)
  TABLESPACE "SYSTEM" ;
--------------------------------------------------------
--  DDL for Table FLIGHTS
--------------------------------------------------------

  CREATE TABLE "FTIMS_ADMIN"."FLIGHTS" 
   (	"FLIGHT_NO" VARCHAR2(20 BYTE), 
	"BOARDING_TIME" VARCHAR2(5 BYTE), 
	"DESTINATION" VARCHAR2(20 BYTE), 
	"ORIGIN" VARCHAR2(20 BYTE), 
	"AIRLINE" VARCHAR2(20 BYTE), 
	"PLANE_MODEL" VARCHAR2(20 BYTE), 
	"BASE_PRICE" NUMBER DEFAULT 0
   ) PCTFREE 10 PCTUSED 40 INITRANS 1 MAXTRANS 255 
 NOCOMPRESS LOGGING
  STORAGE(INITIAL 65536 NEXT 1048576 MINEXTENTS 1 MAXEXTENTS 2147483645
  PCTINCREASE 0 FREELISTS 1 FREELIST GROUPS 1
  BUFFER_POOL DEFAULT FLASH_CACHE DEFAULT CELL_FLASH_CACHE DEFAULT)
  TABLESPACE "SYSTEM" ;
--------------------------------------------------------
--  DDL for Table NATIONALITIES
--------------------------------------------------------

  CREATE TABLE "FTIMS_ADMIN"."NATIONALITIES" 
   (	"SHORT_NAME" VARCHAR2(3 BYTE), 
	"COUNT" NUMBER DEFAULT 0, 
	"FULL_NAME" VARCHAR2(20 BYTE)
   ) PCTFREE 10 PCTUSED 40 INITRANS 1 MAXTRANS 255 
 NOCOMPRESS LOGGING
  STORAGE(INITIAL 65536 NEXT 1048576 MINEXTENTS 1 MAXEXTENTS 2147483645
  PCTINCREASE 0 FREELISTS 1 FREELIST GROUPS 1
  BUFFER_POOL DEFAULT FLASH_CACHE DEFAULT CELL_FLASH_CACHE DEFAULT)
  TABLESPACE "SYSTEM" ;
--------------------------------------------------------
--  DDL for Table PASSENGERS
--------------------------------------------------------

  CREATE TABLE "FTIMS_ADMIN"."PASSENGERS" 
   (	"FIRST_NAME" VARCHAR2(20 BYTE), 
	"LAST_NAME" VARCHAR2(20 BYTE), 
	"ID" NUMBER, 
	"AGE" NUMBER, 
	"NATIONALITY" VARCHAR2(3 BYTE), 
	"MONEY_SPENT" NUMBER DEFAULT 0
   ) PCTFREE 10 PCTUSED 40 INITRANS 1 MAXTRANS 255 
 NOCOMPRESS LOGGING
  STORAGE(INITIAL 65536 NEXT 1048576 MINEXTENTS 1 MAXEXTENTS 2147483645
  PCTINCREASE 0 FREELISTS 1 FREELIST GROUPS 1
  BUFFER_POOL DEFAULT FLASH_CACHE DEFAULT CELL_FLASH_CACHE DEFAULT)
  TABLESPACE "SYSTEM" ;
REM INSERTING into FTIMS_ADMIN.AIRLINES
SET DEFINE OFF;
Insert into FTIMS_ADMIN.AIRLINES (NAME,COUNTRY,PHONE_NUMBER) values ('Vueling','ES',933817788);
Insert into FTIMS_ADMIN.AIRLINES (NAME,COUNTRY,PHONE_NUMBER) values ('Ryanair','GB',115588761122);
Insert into FTIMS_ADMIN.AIRLINES (NAME,COUNTRY,PHONE_NUMBER) values ('Norwegian Air','NO',186834633339);
REM INSERTING into FTIMS_ADMIN.AIRPORTS
SET DEFINE OFF;
Insert into FTIMS_ADMIN.AIRPORTS (NAME,FULL_NAME,CITY,COUNTRY) values ('BCN','Barcelona-El Prat','Barcelona','CAT');
Insert into FTIMS_ADMIN.AIRPORTS (NAME,FULL_NAME,CITY,COUNTRY) values ('TIA','Tribhuban-NP','Kathmandu','NP');
Insert into FTIMS_ADMIN.AIRPORTS (NAME,FULL_NAME,CITY,COUNTRY) values ('WAW','Warsaw Chopin','Warsaw','PL');
Insert into FTIMS_ADMIN.AIRPORTS (NAME,FULL_NAME,CITY,COUNTRY) values ('MDI','Warsaw Modlin','Warsaw','PL');
Insert into FTIMS_ADMIN.AIRPORTS (NAME,FULL_NAME,CITY,COUNTRY) values ('LCJ','Lodz Intl Airport','Lodz','PL');
Insert into FTIMS_ADMIN.AIRPORTS (NAME,FULL_NAME,CITY,COUNTRY) values ('SXF','Schonefeld Airport','Berlin','DE');
Insert into FTIMS_ADMIN.AIRPORTS (NAME,FULL_NAME,CITY,COUNTRY) values ('AMS','Amsterdam Intl','Amsterdam','NL');
REM INSERTING into FTIMS_ADMIN.BOOKINGS
SET DEFINE OFF;
Insert into FTIMS_ADMIN.BOOKINGS (PASSENGER_ID,FLIGHT_NUMBER,FINAL_PRICE,SEAT_NUMBER) values (902380,'12345',150,23);
Insert into FTIMS_ADMIN.BOOKINGS (PASSENGER_ID,FLIGHT_NUMBER,FINAL_PRICE,SEAT_NUMBER) values (902380,'AT404',200,22);
Insert into FTIMS_ADMIN.BOOKINGS (PASSENGER_ID,FLIGHT_NUMBER,FINAL_PRICE,SEAT_NUMBER) values (151632,'ET208',300,26);
Insert into FTIMS_ADMIN.BOOKINGS (PASSENGER_ID,FLIGHT_NUMBER,FINAL_PRICE,SEAT_NUMBER) values (4411556,'RY900',500,33);
Insert into FTIMS_ADMIN.BOOKINGS (PASSENGER_ID,FLIGHT_NUMBER,FINAL_PRICE,SEAT_NUMBER) values (48666411,'ES922',400,41);
Insert into FTIMS_ADMIN.BOOKINGS (PASSENGER_ID,FLIGHT_NUMBER,FINAL_PRICE,SEAT_NUMBER) values (33115,'ET340',100,11);
REM INSERTING into FTIMS_ADMIN.DISCOUNTS
SET DEFINE OFF;
Insert into FTIMS_ADMIN.DISCOUNTS (DISC_ID,PERCENTAGE) values ('STUDENT',51);
Insert into FTIMS_ADMIN.DISCOUNTS (DISC_ID,PERCENTAGE) values ('CHILD',80);
Insert into FTIMS_ADMIN.DISCOUNTS (DISC_ID,PERCENTAGE) values ('BABY',95);
Insert into FTIMS_ADMIN.DISCOUNTS (DISC_ID,PERCENTAGE) values ('W-VETERAN',60);
Insert into FTIMS_ADMIN.DISCOUNTS (DISC_ID,PERCENTAGE) values ('FREQUENT',30);
REM INSERTING into FTIMS_ADMIN.FLIGHTS
SET DEFINE OFF;
Insert into FTIMS_ADMIN.FLIGHTS (FLIGHT_NO,BOARDING_TIME,DESTINATION,ORIGIN,AIRLINE,PLANE_MODEL,BASE_PRICE) values ('12345','08:00','WAW','BCN','Ryanair','Boeing',150);
Insert into FTIMS_ADMIN.FLIGHTS (FLIGHT_NO,BOARDING_TIME,DESTINATION,ORIGIN,AIRLINE,PLANE_MODEL,BASE_PRICE) values ('ET208','20.30','AMS','WAW','Vueling','BNG 737',180);
Insert into FTIMS_ADMIN.FLIGHTS (FLIGHT_NO,BOARDING_TIME,DESTINATION,ORIGIN,AIRLINE,PLANE_MODEL,BASE_PRICE) values ('AT404','21.30','TIA','MDI','Ryanair','BNG 787',200);
Insert into FTIMS_ADMIN.FLIGHTS (FLIGHT_NO,BOARDING_TIME,DESTINATION,ORIGIN,AIRLINE,PLANE_MODEL,BASE_PRICE) values ('RY900','18.30','LCJ','BCN','Ryanair','BNG 777',300);
Insert into FTIMS_ADMIN.FLIGHTS (FLIGHT_NO,BOARDING_TIME,DESTINATION,ORIGIN,AIRLINE,PLANE_MODEL,BASE_PRICE) values ('ES922','23.30','SXF','WAW','Vueling','AIRB 320',330);
Insert into FTIMS_ADMIN.FLIGHTS (FLIGHT_NO,BOARDING_TIME,DESTINATION,ORIGIN,AIRLINE,PLANE_MODEL,BASE_PRICE) values ('ET340','05.30','BCN','SXF','Norwegian Air','BNG 787',255);
REM INSERTING into FTIMS_ADMIN.NATIONALITIES
SET DEFINE OFF;
Insert into FTIMS_ADMIN.NATIONALITIES (SHORT_NAME,COUNT,FULL_NAME) values ('CAT',0,'Catalunya');
Insert into FTIMS_ADMIN.NATIONALITIES (SHORT_NAME,COUNT,FULL_NAME) values ('ES',0,'Spain');
Insert into FTIMS_ADMIN.NATIONALITIES (SHORT_NAME,COUNT,FULL_NAME) values ('PL',0,'Poland');
Insert into FTIMS_ADMIN.NATIONALITIES (SHORT_NAME,COUNT,FULL_NAME) values ('FR',0,'France');
Insert into FTIMS_ADMIN.NATIONALITIES (SHORT_NAME,COUNT,FULL_NAME) values ('US',0,'United States');
Insert into FTIMS_ADMIN.NATIONALITIES (SHORT_NAME,COUNT,FULL_NAME) values ('NO',0,'Norway');
Insert into FTIMS_ADMIN.NATIONALITIES (SHORT_NAME,COUNT,FULL_NAME) values ('EE',0,'Estonia');
Insert into FTIMS_ADMIN.NATIONALITIES (SHORT_NAME,COUNT,FULL_NAME) values ('LV',0,'Latvia');
Insert into FTIMS_ADMIN.NATIONALITIES (SHORT_NAME,COUNT,FULL_NAME) values ('DK',0,'Denmark');
Insert into FTIMS_ADMIN.NATIONALITIES (SHORT_NAME,COUNT,FULL_NAME) values ('FI',0,'Finland');
Insert into FTIMS_ADMIN.NATIONALITIES (SHORT_NAME,COUNT,FULL_NAME) values ('DE',0,'Germany');
Insert into FTIMS_ADMIN.NATIONALITIES (SHORT_NAME,COUNT,FULL_NAME) values ('GB',0,'United Kingdom');
Insert into FTIMS_ADMIN.NATIONALITIES (SHORT_NAME,COUNT,FULL_NAME) values ('IR',0,'Ireland');
Insert into FTIMS_ADMIN.NATIONALITIES (SHORT_NAME,COUNT,FULL_NAME) values ('SE',0,'Sweden');
Insert into FTIMS_ADMIN.NATIONALITIES (SHORT_NAME,COUNT,FULL_NAME) values ('IS',0,'Iceland');
Insert into FTIMS_ADMIN.NATIONALITIES (SHORT_NAME,COUNT,FULL_NAME) values ('MX',0,'Mexico');
Insert into FTIMS_ADMIN.NATIONALITIES (SHORT_NAME,COUNT,FULL_NAME) values ('PE',0,'Peru');
Insert into FTIMS_ADMIN.NATIONALITIES (SHORT_NAME,COUNT,FULL_NAME) values ('SK',0,'Slovakia');
Insert into FTIMS_ADMIN.NATIONALITIES (SHORT_NAME,COUNT,FULL_NAME) values ('RU',0,'Russia');
Insert into FTIMS_ADMIN.NATIONALITIES (SHORT_NAME,COUNT,FULL_NAME) values ('TR',0,'Turkey');
Insert into FTIMS_ADMIN.NATIONALITIES (SHORT_NAME,COUNT,FULL_NAME) values ('AD',0,'Andorra');
Insert into FTIMS_ADMIN.NATIONALITIES (SHORT_NAME,COUNT,FULL_NAME) values ('CN',0,'China');
Insert into FTIMS_ADMIN.NATIONALITIES (SHORT_NAME,COUNT,FULL_NAME) values ('JP',0,'Japan');
Insert into FTIMS_ADMIN.NATIONALITIES (SHORT_NAME,COUNT,FULL_NAME) values ('CA',0,'Canada');
Insert into FTIMS_ADMIN.NATIONALITIES (SHORT_NAME,COUNT,FULL_NAME) values ('LT',0,'Lithuania');
Insert into FTIMS_ADMIN.NATIONALITIES (SHORT_NAME,COUNT,FULL_NAME) values ('BE',0,'Belgium');
Insert into FTIMS_ADMIN.NATIONALITIES (SHORT_NAME,COUNT,FULL_NAME) values ('AR',0,'Argentina');
Insert into FTIMS_ADMIN.NATIONALITIES (SHORT_NAME,COUNT,FULL_NAME) values ('AU',0,'Australia');
Insert into FTIMS_ADMIN.NATIONALITIES (SHORT_NAME,COUNT,FULL_NAME) values ('BG',0,'Bulgaria');
Insert into FTIMS_ADMIN.NATIONALITIES (SHORT_NAME,COUNT,FULL_NAME) values ('CO',0,'Colombia');
Insert into FTIMS_ADMIN.NATIONALITIES (SHORT_NAME,COUNT,FULL_NAME) values ('GR',0,'Greece');
Insert into FTIMS_ADMIN.NATIONALITIES (SHORT_NAME,COUNT,FULL_NAME) values ('MA',0,'Morocco');
Insert into FTIMS_ADMIN.NATIONALITIES (SHORT_NAME,COUNT,FULL_NAME) values ('NP',0,'Nepal');
Insert into FTIMS_ADMIN.NATIONALITIES (SHORT_NAME,COUNT,FULL_NAME) values ('ZA',0,'South Africa');
Insert into FTIMS_ADMIN.NATIONALITIES (SHORT_NAME,COUNT,FULL_NAME) values ('CH',0,'Switzerland');
Insert into FTIMS_ADMIN.NATIONALITIES (SHORT_NAME,COUNT,FULL_NAME) values ('EUS',0,'Euskadi');
Insert into FTIMS_ADMIN.NATIONALITIES (SHORT_NAME,COUNT,FULL_NAME) values ('NL',0,'Netherlands');
REM INSERTING into FTIMS_ADMIN.PASSENGERS
SET DEFINE OFF;
Insert into FTIMS_ADMIN.PASSENGERS (FIRST_NAME,LAST_NAME,ID,AGE,NATIONALITY,MONEY_SPENT) values ('Sergi','Mascaro',47331569,22,'CAT',0);
Insert into FTIMS_ADMIN.PASSENGERS (FIRST_NAME,LAST_NAME,ID,AGE,NATIONALITY,MONEY_SPENT) values ('Avizzit','Karn',902380,22,'NP',0);
Insert into FTIMS_ADMIN.PASSENGERS (FIRST_NAME,LAST_NAME,ID,AGE,NATIONALITY,MONEY_SPENT) values ('Ruben','Oliva',4411556,24,'ES',0);
Insert into FTIMS_ADMIN.PASSENGERS (FIRST_NAME,LAST_NAME,ID,AGE,NATIONALITY,MONEY_SPENT) values ('Kuba','PolskiLastName',151632,23,'PL',0);
Insert into FTIMS_ADMIN.PASSENGERS (FIRST_NAME,LAST_NAME,ID,AGE,NATIONALITY,MONEY_SPENT) values ('Omehr','TurkishLastName',33115,26,'TR',0);
Insert into FTIMS_ADMIN.PASSENGERS (FIRST_NAME,LAST_NAME,ID,AGE,NATIONALITY,MONEY_SPENT) values ('Naia','Ibinarriaga',48666411,21,'EUS',0);
Insert into FTIMS_ADMIN.PASSENGERS (FIRST_NAME,LAST_NAME,ID,AGE,NATIONALITY,MONEY_SPENT) values ('Miguel','Ruiz',41155478,20,'ES',0);
Insert into FTIMS_ADMIN.PASSENGERS (FIRST_NAME,LAST_NAME,ID,AGE,NATIONALITY,MONEY_SPENT) values ('Cisco','Bates',445478,20,'CAT',0);
Insert into FTIMS_ADMIN.PASSENGERS (FIRST_NAME,LAST_NAME,ID,AGE,NATIONALITY,MONEY_SPENT) values ('Jony','Darko',3326448,25,'ES',0);
Insert into FTIMS_ADMIN.PASSENGERS (FIRST_NAME,LAST_NAME,ID,AGE,NATIONALITY,MONEY_SPENT) values ('Lucia','Guarner',4225448,18,'CAT',0);
--------------------------------------------------------
--  DDL for Index AIRLINES_PK
--------------------------------------------------------

  CREATE UNIQUE INDEX "FTIMS_ADMIN"."AIRLINES_PK" ON "FTIMS_ADMIN"."AIRLINES" ("NAME") 
  PCTFREE 10 INITRANS 2 MAXTRANS 255 
  STORAGE(INITIAL 65536 NEXT 1048576 MINEXTENTS 1 MAXEXTENTS 2147483645
  PCTINCREASE 0 FREELISTS 1 FREELIST GROUPS 1
  BUFFER_POOL DEFAULT FLASH_CACHE DEFAULT CELL_FLASH_CACHE DEFAULT)
  TABLESPACE "SYSTEM" ;
--------------------------------------------------------
--  DDL for Index AIRPORTS_PK
--------------------------------------------------------

  CREATE UNIQUE INDEX "FTIMS_ADMIN"."AIRPORTS_PK" ON "FTIMS_ADMIN"."AIRPORTS" ("NAME") 
  PCTFREE 10 INITRANS 2 MAXTRANS 255 
  STORAGE(INITIAL 65536 NEXT 1048576 MINEXTENTS 1 MAXEXTENTS 2147483645
  PCTINCREASE 0 FREELISTS 1 FREELIST GROUPS 1
  BUFFER_POOL DEFAULT FLASH_CACHE DEFAULT CELL_FLASH_CACHE DEFAULT)
  TABLESPACE "SYSTEM" ;
--------------------------------------------------------
--  DDL for Index BOOKINGS_PK
--------------------------------------------------------

  CREATE UNIQUE INDEX "FTIMS_ADMIN"."BOOKINGS_PK" ON "FTIMS_ADMIN"."BOOKINGS" ("PASSENGER_ID", "FLIGHT_NUMBER") 
  PCTFREE 10 INITRANS 2 MAXTRANS 255 
  STORAGE(INITIAL 65536 NEXT 1048576 MINEXTENTS 1 MAXEXTENTS 2147483645
  PCTINCREASE 0 FREELISTS 1 FREELIST GROUPS 1
  BUFFER_POOL DEFAULT FLASH_CACHE DEFAULT CELL_FLASH_CACHE DEFAULT)
  TABLESPACE "SYSTEM" ;
--------------------------------------------------------
--  DDL for Index DISCOUNTS_PK
--------------------------------------------------------

  CREATE UNIQUE INDEX "FTIMS_ADMIN"."DISCOUNTS_PK" ON "FTIMS_ADMIN"."DISCOUNTS" ("DISC_ID") 
  PCTFREE 10 INITRANS 2 MAXTRANS 255 
  STORAGE(INITIAL 65536 NEXT 1048576 MINEXTENTS 1 MAXEXTENTS 2147483645
  PCTINCREASE 0 FREELISTS 1 FREELIST GROUPS 1
  BUFFER_POOL DEFAULT FLASH_CACHE DEFAULT CELL_FLASH_CACHE DEFAULT)
  TABLESPACE "SYSTEM" ;
--------------------------------------------------------
--  DDL for Index FLIGHTS_PK
--------------------------------------------------------

  CREATE UNIQUE INDEX "FTIMS_ADMIN"."FLIGHTS_PK" ON "FTIMS_ADMIN"."FLIGHTS" ("FLIGHT_NO") 
  PCTFREE 10 INITRANS 2 MAXTRANS 255 
  STORAGE(INITIAL 65536 NEXT 1048576 MINEXTENTS 1 MAXEXTENTS 2147483645
  PCTINCREASE 0 FREELISTS 1 FREELIST GROUPS 1
  BUFFER_POOL DEFAULT FLASH_CACHE DEFAULT CELL_FLASH_CACHE DEFAULT)
  TABLESPACE "SYSTEM" ;
--------------------------------------------------------
--  DDL for Index NATIONALITIES_PK
--------------------------------------------------------

  CREATE UNIQUE INDEX "FTIMS_ADMIN"."NATIONALITIES_PK" ON "FTIMS_ADMIN"."NATIONALITIES" ("SHORT_NAME") 
  PCTFREE 10 INITRANS 2 MAXTRANS 255 
  STORAGE(INITIAL 65536 NEXT 1048576 MINEXTENTS 1 MAXEXTENTS 2147483645
  PCTINCREASE 0 FREELISTS 1 FREELIST GROUPS 1
  BUFFER_POOL DEFAULT FLASH_CACHE DEFAULT CELL_FLASH_CACHE DEFAULT)
  TABLESPACE "SYSTEM" ;
--------------------------------------------------------
--  DDL for Index PASSENGERS_PK
--------------------------------------------------------

  CREATE UNIQUE INDEX "FTIMS_ADMIN"."PASSENGERS_PK" ON "FTIMS_ADMIN"."PASSENGERS" ("ID") 
  PCTFREE 10 INITRANS 2 MAXTRANS 255 
  STORAGE(INITIAL 65536 NEXT 1048576 MINEXTENTS 1 MAXEXTENTS 2147483645
  PCTINCREASE 0 FREELISTS 1 FREELIST GROUPS 1
  BUFFER_POOL DEFAULT FLASH_CACHE DEFAULT CELL_FLASH_CACHE DEFAULT)
  TABLESPACE "SYSTEM" ;
--------------------------------------------------------
--  Constraints for Table AIRLINES
--------------------------------------------------------

  ALTER TABLE "FTIMS_ADMIN"."AIRLINES" MODIFY ("NAME" NOT NULL ENABLE);
  ALTER TABLE "FTIMS_ADMIN"."AIRLINES" ADD CONSTRAINT "AIRLINES_PK" PRIMARY KEY ("NAME")
  USING INDEX PCTFREE 10 INITRANS 2 MAXTRANS 255 
  STORAGE(INITIAL 65536 NEXT 1048576 MINEXTENTS 1 MAXEXTENTS 2147483645
  PCTINCREASE 0 FREELISTS 1 FREELIST GROUPS 1
  BUFFER_POOL DEFAULT FLASH_CACHE DEFAULT CELL_FLASH_CACHE DEFAULT)
  TABLESPACE "SYSTEM"  ENABLE;
--------------------------------------------------------
--  Constraints for Table AIRPORTS
--------------------------------------------------------

  ALTER TABLE "FTIMS_ADMIN"."AIRPORTS" MODIFY ("NAME" NOT NULL ENABLE);
  ALTER TABLE "FTIMS_ADMIN"."AIRPORTS" ADD CONSTRAINT "AIRPORTS_PK" PRIMARY KEY ("NAME")
  USING INDEX PCTFREE 10 INITRANS 2 MAXTRANS 255 
  STORAGE(INITIAL 65536 NEXT 1048576 MINEXTENTS 1 MAXEXTENTS 2147483645
  PCTINCREASE 0 FREELISTS 1 FREELIST GROUPS 1
  BUFFER_POOL DEFAULT FLASH_CACHE DEFAULT CELL_FLASH_CACHE DEFAULT)
  TABLESPACE "SYSTEM"  ENABLE;
--------------------------------------------------------
--  Constraints for Table BOOKINGS
--------------------------------------------------------

  ALTER TABLE "FTIMS_ADMIN"."BOOKINGS" MODIFY ("PASSENGER_ID" NOT NULL ENABLE);
  ALTER TABLE "FTIMS_ADMIN"."BOOKINGS" MODIFY ("FLIGHT_NUMBER" NOT NULL ENABLE);
  ALTER TABLE "FTIMS_ADMIN"."BOOKINGS" ADD CONSTRAINT "BOOKINGS_PK" PRIMARY KEY ("PASSENGER_ID", "FLIGHT_NUMBER")
  USING INDEX PCTFREE 10 INITRANS 2 MAXTRANS 255 
  STORAGE(INITIAL 65536 NEXT 1048576 MINEXTENTS 1 MAXEXTENTS 2147483645
  PCTINCREASE 0 FREELISTS 1 FREELIST GROUPS 1
  BUFFER_POOL DEFAULT FLASH_CACHE DEFAULT CELL_FLASH_CACHE DEFAULT)
  TABLESPACE "SYSTEM"  ENABLE;
--------------------------------------------------------
--  Constraints for Table DISCOUNTS
--------------------------------------------------------

  ALTER TABLE "FTIMS_ADMIN"."DISCOUNTS" MODIFY ("DISC_ID" NOT NULL ENABLE);
  ALTER TABLE "FTIMS_ADMIN"."DISCOUNTS" ADD CONSTRAINT "DISCOUNTS_PK" PRIMARY KEY ("DISC_ID")
  USING INDEX PCTFREE 10 INITRANS 2 MAXTRANS 255 
  STORAGE(INITIAL 65536 NEXT 1048576 MINEXTENTS 1 MAXEXTENTS 2147483645
  PCTINCREASE 0 FREELISTS 1 FREELIST GROUPS 1
  BUFFER_POOL DEFAULT FLASH_CACHE DEFAULT CELL_FLASH_CACHE DEFAULT)
  TABLESPACE "SYSTEM"  ENABLE;
--------------------------------------------------------
--  Constraints for Table FLIGHTS
--------------------------------------------------------

  ALTER TABLE "FTIMS_ADMIN"."FLIGHTS" MODIFY ("FLIGHT_NO" NOT NULL ENABLE);
  ALTER TABLE "FTIMS_ADMIN"."FLIGHTS" ADD CONSTRAINT "FLIGHTS_PK" PRIMARY KEY ("FLIGHT_NO")
  USING INDEX PCTFREE 10 INITRANS 2 MAXTRANS 255 
  STORAGE(INITIAL 65536 NEXT 1048576 MINEXTENTS 1 MAXEXTENTS 2147483645
  PCTINCREASE 0 FREELISTS 1 FREELIST GROUPS 1
  BUFFER_POOL DEFAULT FLASH_CACHE DEFAULT CELL_FLASH_CACHE DEFAULT)
  TABLESPACE "SYSTEM"  ENABLE;
--------------------------------------------------------
--  Constraints for Table NATIONALITIES
--------------------------------------------------------

  ALTER TABLE "FTIMS_ADMIN"."NATIONALITIES" MODIFY ("SHORT_NAME" NOT NULL ENABLE);
  ALTER TABLE "FTIMS_ADMIN"."NATIONALITIES" ADD CONSTRAINT "NATIONALITIES_PK" PRIMARY KEY ("SHORT_NAME")
  USING INDEX PCTFREE 10 INITRANS 2 MAXTRANS 255 
  STORAGE(INITIAL 65536 NEXT 1048576 MINEXTENTS 1 MAXEXTENTS 2147483645
  PCTINCREASE 0 FREELISTS 1 FREELIST GROUPS 1
  BUFFER_POOL DEFAULT FLASH_CACHE DEFAULT CELL_FLASH_CACHE DEFAULT)
  TABLESPACE "SYSTEM"  ENABLE;
  ALTER TABLE "FTIMS_ADMIN"."NATIONALITIES" MODIFY ("FULL_NAME" NOT NULL ENABLE);
--------------------------------------------------------
--  Constraints for Table PASSENGERS
--------------------------------------------------------

  ALTER TABLE "FTIMS_ADMIN"."PASSENGERS" MODIFY ("ID" NOT NULL ENABLE);
  ALTER TABLE "FTIMS_ADMIN"."PASSENGERS" ADD CONSTRAINT "PASSENGERS_PK" PRIMARY KEY ("ID")
  USING INDEX PCTFREE 10 INITRANS 2 MAXTRANS 255 
  STORAGE(INITIAL 65536 NEXT 1048576 MINEXTENTS 1 MAXEXTENTS 2147483645
  PCTINCREASE 0 FREELISTS 1 FREELIST GROUPS 1
  BUFFER_POOL DEFAULT FLASH_CACHE DEFAULT CELL_FLASH_CACHE DEFAULT)
  TABLESPACE "SYSTEM"  ENABLE;